2607 reviews,$$,146 BroadwayBrooklyn, NY 11211
1534 reviews,$$,200 W 44th StNew York, NY 10036
258 reviews,$,147 W 43rd StNew York, NY 10036
616 reviews,$$,229 W 43rd StNew York, NY 10036
104 reviews,$$,141 W 41st StNew York, NY 10036
3087 reviews,$$,132 W 43rd StNew York, NY 10036
1600 reviews,$$,1515 BroadwayNew York, NY 10036
1513 reviews,$$,254 W 47th StNew York, NY 10036
8 reviews,$,403 W 43rd StNew York, NY 10036
840 reviews,$$,316 W 36th StNew York, NY 10018
748 reviews,$$,204 W 55th StNew York, NY 10019
9 reviews,$,146 BroadwayBrooklyn, NY 11211
1196 reviews,$,1501 BroadwayNew York, NY 10036
1234 reviews,$$,24 W 45th StNew York, NY 10036
13 reviews,$,273 W 38th StNew York, NY 10018
8578 reviews,$$,145 West 44th StNew York, NY 10036
195 reviews,$$,W 53rd St 6th AveNew York, NY 10019
10 reviews,$$,136 W 42nd StNew York, NY 10036
883 reviews,$$,19 W 52nd StNew York, NY 10103
623 reviews,$$,64 W 39th StNew York, NY 10018
1526 reviews,$$,1501 BroadwayNew York, NY 10036
681 reviews,$$,146 BroadwayBrooklyn, NY 11211
293 reviews,$,53 W 35th StNew York, NY 10001
1412 reviews,$,34 W 35th StNew York, NY 10001
599 reviews,$$,252 W 37th StNew York, NY 10018
1246 reviews,$,647 9th AveNew York, NY 10036
10 reviews,$$,136 W 46th StNew York, NY 10036
2843 reviews,$$,231 W 46th StNew York, NY 10036
122 reviews,$$,811 8th AveNew York, NY 10019
1046 reviews,$,321 W 51st StNew York, NY 10019
661 reviews,$$,606 8th AveNew York, NY 10018
156 reviews,$$,249 W 49th StNew York, NY 10019
1214 reviews,$$,146 BroadwayBrooklyn, NY 11211
2017 reviews,$,7 Times SquareNew York, NY 10036
504 reviews,$,356 W 44th StNew York, NY 10036
854 reviews,$,49 W 39th StNew York, NY 10018
1788 reviews,$$,766 9th AveNew York, NY 10019
69 reviews,$$,334 W 46th StNew York, NY 10036
130 reviews,$$,43 W 46th StNew York, NY 10036
603 reviews,$$,225 W 35th StNew York, NY 10001
2 reviews,$$,1435 BroadwayNew York, NY 10018
337 reviews,$$,302 W 37th StNew York, NY 10018
16 reviews,$,246 W 38th StNew York, NY 10018
1469 reviews,$,4408 3rd AveBrooklyn, NY 11220
1578 reviews,$$,110 W 40th StNew York, NY 10018
12 reviews,$$,1 Rockefeller PlzNew York, NY 10020
15 reviews,$$,132 W 31st StNew York, NY 10001
123 reviews,$,152 W 49th StNew York, NY 10019
944 reviews,$$,485 7th AvenueNew York, NY 10016
1902 reviews,$$,5 Times SqNew York, NY 10036
495 reviews,$$,38 W 39th StNew York, NY 10018
399 reviews,$$,604 10th AveNew York, NY 10036
1246 reviews,$$,127 W 43rd StNew York, NY 10036
276 reviews,$$,146 BroadwayBrooklyn, NY 11211
385 reviews,$,255 W 43rd StNew York, NY 10036
284 reviews,$$,152 W 44th StNew York, NY 10036
408 reviews,$$,145 W 45th StNew York, NY 10036
1530 reviews,$$,700 8th Ave at 44th StNew York, NY 10036
2271 reviews,$$,38 W 36th StNew York, NY 10018
54 reviews,$$,211 W 43rd StNew York, NY 10036
11 reviews,$$,63 W 37th StNew York, NY 10018
299 reviews,$$,12 W 32nd StNew York, NY 10001
13 reviews,$$,206 W 41st StNew York, NY 10036
1459 reviews,$$,11 W 32nd StNew York, NY 10001
794 reviews,$$,146 BroadwayBrooklyn, NY 11211
120 reviews,$$,600 9th AveNew York, NY 10036
428 reviews,$$,151 W 46th StNew York, NY 10036
2719 reviews,$$,9 W 32nd StNew York, NY 10001
932 reviews,$$,700 8th AveNew York, NY 10036
563 reviews,$$$$,155 W 43rd StNew York, NY 10036
842 reviews,$$,691 8th AveNew York, NY 10036
227 reviews,$$,321 W 44th StNew York, NY 10036
201 reviews,$$,229 W 43rd StNew York, NY 10036
720 reviews,$$,39 W 46th StNew York, NY 10036
97 reviews,$,146 BroadwayBrooklyn, NY 11211
639 reviews,$$$,661 9th AveNew York, NY 10036
557 reviews,$$,144 West 37th StNew York, NY 10018
21 reviews,$$,135 W 42nd StNew York, NY 10036
311 reviews,$$,248 W 55th StNew York, NY 10019
105 reviews,$$,352 W 39th StNew York, NY 10018
347 reviews,$$,245 W 38th StNew York, NY 10018
2 reviews,$$,354 E 66th StNew York, NY 10065
192 reviews,$$,237 W 35th StNew York, NY 10001
1599 reviews,$$,70 W 39th StNew York, NY 10018
17 reviews,$$,142 W 44th StNew York, NY 10036
115 reviews,$$,4408 3rd AveBrooklyn, NY 11220
222 reviews,$$,675 9th AveNew York, NY 10036
219 reviews,$$,260 W 44th StNew York, NY 10036
378 reviews,$$,285 Madison AveNew York, NY 10017
247 reviews,$$,3 Times SqNew York, NY 10036
730 reviews,$$,Two Times Square, 714 Seventh Avenue at W. 48th StreetNew York, NY 10036
1554 reviews,$$,679 9th AveNew York, NY 10036
97 reviews,$$,504 W 42nd StNew York, NY 10036
1251 reviews,$$,45 W 39th StNew York, NY 10018
100 reviews,$$,370 W 51st StNew York, NY 10019
1014 reviews,$$,20W 33rd StNew York, NY 10001
3 reviews,$,146 BroadwayBrooklyn, NY 11211
543 reviews,$$$$,58 W 38th StNew York, NY 10018
988 reviews,$$,220 W 44th StNew York, NY 10036
579 reviews,$$,321 W 42nd StNew York, NY 10036
689 reviews,$$,675 8th AveNew York, NY 10036
790 reviews,$$,25 E 26th StNew York, NY 10010
4507 reviews,$$$,99 Park AveNew York, NY 10016
261 reviews,$$,22 W 32nd StNew York, NY 10001
243 reviews,$$,370 W 51st StNew York, NY 10019
565 reviews,$,311 W 48th StNew York, NY 10036
3837 reviews,$$,325 W 42nd StNew York, NY 10036
503 reviews,$$,146 BroadwayBrooklyn, NY 11211
246 reviews,$$,366 W 52nd StNew York, NY 10019
47 reviews,$,616 8th AveNew York, NY 10018
591 reviews,$$$,125 W 44th StNew York, NY 10036
127 reviews,$$,688 10th AveNew York, NY 10019
99 reviews,$$,39 W 19th StNew York, NY 10011
589 reviews,$$,807 8th AveNew York, NY 10019
300 reviews,$,120 W 44th StNew York, NY 10036
476 reviews,$$,132 W 47th StNew York, NY 10036
51 reviews,$$,480 9th AveNew York, NY 10018
18 reviews,$$,156 W 44th StNew York, NY 10036
895 reviews,$$,146 BroadwayBrooklyn, NY 11211
964 reviews,$$,274 W 40th StNew York, NY 10018
87 reviews,$$,628 10th AveNew York, NY 10036
450 reviews,$,150 W 36 streetNew York, NY 10018
593 reviews,$$,230 Park AveNew York, NY 10169
373 reviews,$$,250 W 43rd StNew York, NY 10036
577 reviews,$$,120 W 41st StNew York, NY 10036
1152 reviews,$$,13 E 37th StNew York, NY 10016
1438 reviews,$,342 Lexington AveNew York, NY 10016
44 reviews,$,470 W 42nd StNew York, NY 10036
995 reviews,$$,14 E 34th StNew York, NY 10016
394 reviews,$$,146 BroadwayBrooklyn, NY 11211
157 reviews,$$,373 W 46th StNew York, NY 10036
240 reviews,$$,23 W 45th StNew York, NY 10036
159 reviews,$$,245 W 51st StNew York, NY 10019
163 reviews,$$,167 E 33rd StNew York, NY 10016
36 reviews,$,5W 32nd StNew York, NY 10001
236 reviews,$,144 W 46th StNew York, NY 10036
70 reviews,$$,18 E 41st StNew York, NY 10017
154 reviews,$$,135 W 50th StNew York, NY 10020
1703 reviews,$$,644 10th AveNew York, NY 10036
63 reviews,$$,360 W 42nd StreetNew York, NY 10036
612 reviews,$$$$,146 BroadwayBrooklyn, NY 11211
1372 reviews,$,243 W 38th StNew York, NY 10018
133 reviews,$$,49th & 6thNew York, NY 10019
360 reviews,$$,273 W 38th StNew York, NY 10018
478 reviews,$$,1440 BroadwayNew York, NY 10018
60 reviews,$$,263 W 30th StNew York, NY 10001
443 reviews,$$,1065 Ave Of The AmericasNew York, NY 10018
2217 reviews,$$,956 2nd AveNew York, NY 10022
25 reviews,$$,701 9th AveNew York, NY 10019
248 reviews,$,488 9th AveNew York, NY 10018
377 reviews,$$,413 8th AveNew York, NY 10001
7 reviews,$$$,146 BroadwayBrooklyn, NY 11211
9 reviews,$$,683 8th AveNew York, NY 10018
1809 reviews,$$,450 10th AveNew York, NY 10018
556 reviews,$,5 Times Square Nyc/5New York, NY 10036
317 reviews,$,119 W 40th StNew York, NY 10018
688 reviews,$$,123 W 44th StNew York, NY 10036
927 reviews,$$,1221 Ave Of The AmericasNew York, NY 10020
1000 reviews,$$,14 E 37th StNew York, NY 10016
2255 reviews,$$,20 W 46th StNew York, NY 10036
924 reviews,$$,691 10th AveNew York, NY 10036
465 reviews,$$,1412 BroadwayNew York, NY 10018
32 reviews,$$,146 BroadwayBrooklyn, NY 11211
6 reviews,$$,120 E 34th St New York Ny 10016New York, NY 10016
328 reviews,$$,22 W 8th StNew York, NY 10011
282 reviews,$$$,456 9th AveNew York, NY 10018
100 reviews,$,10 E 39th StNew York, NY 10016
8 reviews,$$,17 E 31st StNew York, NY 10016
224 reviews,$$,627 9th AveNew York, NY 10036
735 reviews,$$,58 W 56th StNew York, NY 10019
346 reviews,$$,355 W 46th StNew York, NY 10036
58 reviews,$$,5 E 19th StNew York, NY 10003
257 reviews,$$,409 8th AveNew York, NY 10001
698 reviews,$$,146 BroadwayBrooklyn, NY 11211
364 reviews,$,570 8th AveNew York, NY 10018
254 reviews,$$,570 8th AveNew York, NY 10018
740 reviews,$$$$,43 W 39th StNew York, NY 10018
70 reviews,$$,121 W 45th StNew York, NY 10036
117 reviews,$,42 West 48th StNew York, NY 10036
211 reviews,$$,29 A Clinton StNew York, NY 10002
6 reviews,$$,11 W 51st StNew York, NY 10019
311 reviews,$$,32 W 33rd StNew York, NY 10001
466 reviews,$$,585 7th AveNew York, NY 10036
323 reviews,$$,68 W 39th StNew York, NY 10018
2017 reviews,$$,146 BroadwayBrooklyn, NY 11211
2578 reviews,$,754 9th AveNew York, NY 10019
140 reviews,$,4 E 46th StNew York, NY 10017
1329 reviews,$$,65 W 37th StNew York, NY 10018
163 reviews,$$,235 W 35th StNew York, NY 10001
816 reviews,$$,150 E 46th StNew York, NY 10017
164 reviews,$$,856 8th AveNew York, NY 10019
677 reviews,$$,228 W 39th StNew York, NY 10018
801 reviews,$$,37 W 54th StNew York, NY 10019
166 reviews,$$,360 W 46th StNew York, NY 10036
6 reviews,$,123 W 45th StNew York, NY 10036
1450 reviews,$,146 BroadwayBrooklyn, NY 11211
144 reviews,$,326 W 47th StNew York, NY 10036